timestamp,action,user,object_type,object_id,detail
2026-10-10T01:45:37+00:00,export.alerts_csv,Layla MLRO,,,"{""status"": ""all"", ""category"": null, ""rows"": 1}"
2026-10-10T01:45:37+00:00,export.customers_csv,Layla MLRO,,,"{""rows"": 6}"
2026-10-10T01:45:37+00:00,risk.assess,Layla MLRO,customer,6,"{""rating"": ""low"", ""score"": 5.0, ""ruleset"": ""2025.12.2"", ""edd"": false}"
2026-10-10T01:45:37+00:00,screening.run,Layla MLRO,screening,6,"{""query"": ""عمر الضابط"", ""trigger"": ""onboarding"", ""candidates"": 0, ""hits"": 0, ""alerts_created"": 0, ""datasets_used"": [""cia"", ""eocn"", ""ofac"", ""un""]}"
2026-10-10T01:45:37+00:00,customer.onboard,Layla MLRO,customer,6,"{""reference"": ""X-006"", ""name"": ""عمر الضابط""}"
2026-10-10T01:45:37+00:00,risk.assess,Layla MLRO,customer,5,"{""rating"": ""low"", ""score"": 5.0, ""ruleset"": ""2025.12.2"", ""edd"": false}"
2026-10-10T01:45:37+00:00,screening.run,Layla MLRO,screening,5,"{""query"": ""Fatima \""Fay\"", Al Khan\nSecond Line"", ""trigger"": ""onboarding"", ""candidates"": 0, ""hits"": 0, ""alerts_created"": 0, ""datasets_used"": [""cia"", ""eocn"", ""ofac"", ""un""]}"
2026-10-10T01:45:37+00:00,customer.onboard,Layla MLRO,customer,5,"{""reference"": ""X-005"", ""name"": ""Fatima \""Fay\"", Al Khan\nSecond Line""}"
2026-10-10T01:45:37+00:00,risk.assess,Layla MLRO,customer,4,"{""rating"": ""low"", ""score"": 5.0, ""ruleset"": ""2025.12.2"", ""edd"": false}"
2026-10-10T01:45:37+00:00,screening.run,Layla MLRO,screening,4,"{""query"": ""@SUM(1+1)"", ""trigger"": ""onboarding"", ""candidates"": 0, ""hits"": 0, ""alerts_created"": 0, ""datasets_used"": [""cia"", ""eocn"", ""ofac"", ""un""]}"
2026-10-10T01:45:37+00:00,customer.onboard,Layla MLRO,customer,4,"{""reference"": ""X-004"", ""name"": ""@SUM(1+1)""}"
2026-10-10T01:45:37+00:00,risk.assess,Layla MLRO,customer,3,"{""rating"": ""low"", ""score"": 5.0, ""ruleset"": ""2025.12.2"", ""edd"": false}"
2026-10-10T01:45:37+00:00,screening.run,Layla MLRO,screening,3,"{""query"": ""+cmd|' /C calc'!A0"", ""trigger"": ""onboarding"", ""candidates"": 0, ""hits"": 0, ""alerts_created"": 0, ""datasets_used"": [""cia"", ""eocn"", ""ofac"", ""un""]}"
2026-10-10T01:45:37+00:00,customer.onboard,Layla MLRO,customer,3,"{""reference"": ""X-003"", ""name"": ""+cmd|' /C calc'!A0""}"
2026-10-10T01:45:37+00:00,risk.assess,Layla MLRO,customer,2,"{""rating"": ""low"", ""score"": 5.0, ""ruleset"": ""2025.12.2"", ""edd"": false}"
2026-10-10T01:45:37+00:00,screening.run,Layla MLRO,screening,2,"{""query"": ""=HYPERLINK(\""http://evil.example\"",\""click\"")"", ""trigger"": ""onboarding"", ""candidates"": 0, ""hits"": 0, ""alerts_created"": 0, ""datasets_used"": [""cia"", ""eocn"", ""ofac"", ""un""]}"
2026-10-10T01:45:37+00:00,customer.onboard,Layla MLRO,customer,2,"{""reference"": ""X-002"", ""name"": ""=HYPERLINK(\""http://evil.example\"",\""click\"")""}"
2026-10-10T01:45:37+00:00,risk.assess,Layla MLRO,customer,1,"{""rating"": ""high"", ""score"": 105.0, ""ruleset"": ""2025.12.2"", ""edd"": true}"
2026-10-10T01:45:37+00:00,screening.run,Layla MLRO,screening,1,"{""query"": ""Ahmed Abd Al-Jaleel Al-Hasnawi"", ""trigger"": ""onboarding"", ""candidates"": 1, ""hits"": 1, ""alerts_created"": 1, ""datasets_used"": [""cia"", ""eocn"", ""ofac"", ""un""]}"
2026-10-10T01:45:37+00:00,customer.onboard,Layla MLRO,customer,1,"{""reference"": ""X-001"", ""name"": ""Ahmed Abd Al-Jaleel Al-Hasnawi""}"
2026-10-10T01:45:36+00:00,operator.create,Layla MLRO,operator,3,"{""email"": ""[REDACTED-EMAIL]"", ""role"": ""mlro""}"
2026-10-10T01:45:36+00:00,operator.create,Layla MLRO,operator,2,"{""email"": ""[REDACTED-EMAIL]"", ""role"": ""officer""}"
2026-10-10T01:45:36+00:00,org.profile_update,Layla MLRO,organization,1,"{""org_address"": ""Office 12, Business Bay, Dubai"", ""reporting_person_name"": ""Layla MLRO"", ""reporting_person_title"": ""MLRO"", ""reporting_person_phone"": ""+971501234567"", ""goaml_entity_reference"": ""TEST-ORG-0001""}"
2026-10-10T01:45:36+00:00,mfa.enrolled,Layla MLRO,operator,1,
2026-10-10T01:45:35+00:00,operator.login,Layla MLRO,operator,1,
2026-10-10T01:45:35+00:00,operator.email_verified,Layla MLRO,operator,1,"{""email"": ""[REDACTED-EMAIL]""}"
2026-10-10T01:45:35+00:00,operator.verification_sent,Layla MLRO,operator,1,"{""email"": ""[REDACTED-EMAIL]"", ""delivery"": ""not_configured""}"
2026-10-10T01:45:35+00:00,organization.register,Layla MLRO,organization,1,"{""org_name"": ""Grovisor Test DNFBP""}"
